Square_Feet,Bedrooms,Bathrooms,House_Age,Garage_Size,Distance_to_City_Center,Price
4174,3,1,23,3,4.097671401700229,1272691.9857948993
4507,5,1,41,3,15.937907392960101,1348119.2778211196
1860,5,1,29,3,14.954434709436237,558058.6958716913
2294,1,4,13,3,8.302745731958563,713005.7628041243
2130,6,3,5,1,1.4786748652253578,707249.9754043239
2095,1,2,2,3,16.940949226642203,624084.1523200733
4772,2,4,15,1,1.2169416856273991,1469235.174943118
4092,1,4,6,3,14.370295812951968,1234694.1125611442
2638,3,4,13,2,19.434885084795084,789274.3447456148
3169,5,1,8,3,9.315565234815866,1002196.3042955524
1466,2,3,14,3,5.464494694923102,474930.5159152307
2238,1,4,20,1,14.392549190824253,654395.3524275272
1330,6,2,34,3,16.525434698296117,399439.6959051117
2482,3,3,1,2,11.3821760054791,773827.4719835627
3135,3,2,26,1,19.37367022986678,911226.9893103996
4444,1,3,1,1,1.9817057115012608,1367465.8828654962
4171,5,2,34,3,10.591116367786034,1265482.650896642
3919,1,1,17,1,14.650624999128452,1144221.1250026147
4735,2,4,13,1,17.3901689518344,1398144.4931444968
1130,1,2,19,1,4.405856626248011,344017.430121256
2685,3,3,17,1,16.200066153509947,785742.8015394702
4380,1,4,9,1,11.50143443865236,1314467.696684043
1769,5,4,24,1,8.534519957809302,566449.440126572
3391,6,3,1,2,3.5025855430027777,1087886.2433709917
2515,4,2,24,3,17.440619419269336,748302.141742192
4485,1,1,32,2,3.988190955414592,1342114.4271337562
3853,5,1,35,1,6.885969324972885,1154646.0920250814
3433,5,2,30,1,6.510865107286301,1042349.4046781411
2215,6,4,13,3,17.55686664962623,705344.4000511214
1955,3,4,0,2,13.781356889969063,616945.9293300929
3324,5,4,45,3,16.136946546636075,999994.1603600918
2184,5,4,15,2,5.7588900770574805,711671.3297688275
1459,5,2,45,1,12.87260789253298,415174.17632240104
4385,5,4,2,3,11.863173679731226,1375881.4789608063
1021,2,3,34,3,16.82377715897715,285444.66852306854
3300,2,4,40,1,18.21565414914395,938286.0375525681
1747,3,1,5,3,1.2309786580703492,569333.0640257889
3904,1,4,24,2,13.80637846211706,1145749.8646136487
4632,5,2,12,2,1.9848801832748513,1440610.3594501754
1474,6,1,33,2,11.428314636469763,450234.0560905907
2082,1,2,7,2,6.465021851829886,633179.9344445104
3558,6,2,20,1,6.828755390920683,1102021.733827238
4753,1,1,33,3,7.706211565594775,1407922.3653032156
3047,3,2,3,2,12.804556531942593,935114.3304041722
4547,5,2,24,1,7.346949347706615,1377869.1519568802
3747,5,4,14,3,14.921281961215328,1159609.154116354
1975,4,3,3,3,8.686020325903524,641462.9390222895
2806,6,2,44,1,2.298710805889214,877196.8675823323
1189,1,2,11,1,15.891437007198038,322389.6889784059
4005,1,2,31,2,6.429408167261414,1179792.7754982158
3734,2,4,31,3,9.22257071238599,1116223.287862842
4005,4,3,27,3,14.023433781216129,1202360.6986563515
1562,2,1,12,1,7.316666985825528,470777.99904252344
2899,2,4,30,3,2.0751274667875967,901700.6175996372
4638,2,4,13,2,8.104499893243458,1413947.5003202697
2267,6,3,19,3,18.944523071191764,708741.4307864247
3879,6,3,17,1,13.192953548672605,1183527.1393539822
2528,3,4,28,1,13.758103824676931,745464.6885259692
4202,3,1,5,2,13.013360919115158,1274975.9172426546
4556,2,4,31,2,4.780850640229299,1385152.4480793122
4890,4,3,28,3,8.948343417943322,1489733.96974617
1646,1,1,42,3,15.267856168903046,438117.4314932909
3068,6,3,1,1,2.9260850535100236,1001878.7448394699
3888,4,1,22,2,6.2792027457045325,1192508.3917628864
3214,5,2,18,2,6.250063060851218,997197.8108174463
2297,6,3,30,2,9.208359624295614,712751.9211271132
3435,6,3,50,3,19.627006077901516,1028861.9817662955
1600,3,4,4,2,2.282548386992617,536715.3548390222
3363,1,3,18,1,10.855318893231306,988126.0433203061
3061,1,3,33,1,4.407928958231999,908994.213125304
1241,5,2,9,3,19.442854362785138,389345.4369116446
3041,5,3,24,3,3.1527665898218196,962516.7002305345
3824,6,2,1,2,8.668419044870234,1197364.7428653892
4417,2,2,10,3,15.019814711857517,1322721.5558644275
3612,3,2,49,1,14.38653413252146,1040157.3976024357
3945,3,2,30,2,9.031844100984713,1184854.4676970458
2363,6,1,14,1,7.583959191101647,745828.1224266951
3139,4,4,8,2,8.554635192504541,984104.0944224864
2390,2,1,22,3,6.021249000014146,718398.2529999575
4003,6,3,18,2,4.901325835429196,1262846.0224937124
2478,2,1,8,2,10.17775425361891,736153.7372391432
4499,2,1,34,1,6.102141365284539,1338684.5759041463
3556,2,3,20,1,6.461771633047752,1061575.6851008567
1775,6,3,8,2,13.478365206016583,581577.9043819503
1034,3,3,27,3,19.40220930229795,286356.37209310615
3253,3,1,45,3,12.469106810628126,948475.6795681156
4152,2,1,50,1,2.462609874234359,1227739.1703772969
2955,4,3,6,3,2.4360886632272725,950398.7340103182
2585,1,4,15,1,19.077041196065753,746026.8764118027
4943,6,4,15,3,6.648525015839339,1542198.4249524819
4459,1,2,32,2,2.7492727355670334,1340762.1817932988
4073,4,3,3,1,12.38184715585725,1237932.4585324284
2021,6,2,3,1,12.849326787515055,634928.0196374549
4461,2,4,38,2,13.321591582255074,1311337.2252532349
3613,3,2,39,1,6.080638529293285,1065544.08441212
2129,1,3,16,3,1.2871030000750256,677620.690999775
4843,5,3,36,3,19.335292019634966,1451615.123941095
4893,5,3,38,1,5.766967868130948,1487741.096395607
2500,4,1,28,3,13.844499472998402,742120.5015810048
1702,2,2,35,1,14.425967527695482,472306.09741691354
3449,1,4,37,2,12.590140924510228,1013684.5772264693
3777,2,4,38,1,6.945240490059316,1119399.2785298221
2579,1,4,49,2,6.1508288215172495,742567.5135354482
1161,4,1,36,3,12.35569737135136,338886.9078859459
1201,4,1,34,2,17.45581703862214,341063.5488841336
2981,5,3,6,3,18.987940849544515,921106.1774513664
1995,2,4,26,1,3.012210283671395,608016.3691489858
3317,6,1,27,3,3.941743639356677,1046833.7690819299
4934,5,3,21,1,18.949988916878514,1474359.0332493645
1815,2,4,13,1,14.99416933836106,537999.4919849169
4342,5,2,6,2,17.776882671765687,1316767.351984703
1455,6,3,36,2,4.85002004857152,473585.93985428545
4533,3,1,21,2,12.164131551078635,1350769.6053467642
4798,3,1,4,2,14.321652293931999,1449830.043118204
2275,3,3,1,3,13.92212582349248,715311.6225295225
2016,3,3,26,3,8.754882126467265,614072.3536205982
4773,1,1,20,3,1.292502942134861,1456248.4911735954
3343,3,2,37,1,12.075595079281,982889.2147621571
4796,6,4,14,3,5.808929244412567,1519986.2122667623
3767,4,2,20,3,9.554830676714916,1148444.5079698553
4820,4,3,9,3,19.194039286592528,1462626.8821402225
1337,1,2,22,2,8.58167103520626,395029.98689438123
1878,3,1,38,3,16.956230526624108,538560.3084201277
2076,3,3,4,1,4.582271509235771,650130.1854722927
1791,3,4,0,2,13.776749462475548,565876.7516125734
4993,5,1,12,1,19.563132134339927,1484077.6035969802
3264,2,1,20,3,2.935968916585799,1005544.0932502426
1763,5,4,25,2,1.1580789023166482,581298.7632930501
3235,2,4,49,1,9.238073060019673,940420.780819941
1379,3,2,44,3,2.7598841779759766,415717.34746607207
1492,3,3,20,1,15.219302643848396,438037.09206845483
4112,5,4,17,1,18.37642461312262,1238506.7261606322
2180,5,4,36,1,9.246398481466418,659275.8045556007
3062,2,3,44,3,5.915521200953378,907237.4363971399
4884,4,4,31,3,9.253663061125586,1489184.0108166232
1064,2,4,35,1,14.74550853915002,296697.47438254993
4928,5,2,16,2,1.1720290700270486,1542536.912789919
4910,6,1,34,2,12.199625800209246,1474661.1225993722
3568,5,1,48,3,12.652542012860202,1061143.3739614193
2367,6,1,10,3,13.116076691022775,750152.7699269317
2152,1,1,20,3,5.598419519636667,653323.74144109
3027,5,4,25,3,14.567001744184408,935262.9947674468
3695,1,3,3,3,2.7364382403037517,1151971.6852790888
2495,4,3,33,2,4.786136392869215,767684.5908213924
4134,2,2,47,3,17.671930886435156,1202449.2073406945
2162,6,2,17,1,15.03573986380476,666980.7804085857
2522,2,4,39,1,1.2611655262155597,761895.5034213533
3640,1,3,34,2,5.719148947026204,1082586.5531589214
1391,6,3,40,1,5.073723176870127,438887.8304693896
2698,2,1,28,2,6.145320232702479,801170.0393018925
1418,5,4,28,2,5.703635635317841,470035.09309404646
3336,3,4,37,1,2.187999619114069,1021231.0011426578
1378,1,1,41,3,9.719869815339587,388275.39055398124
2796,2,4,20,1,14.921936020937137,823705.1919371886
4561,1,4,41,1,12.527902769631291,1330926.291691106
3278,1,2,12,2,13.784561703363515,973839.3148899095
4065,6,3,48,1,2.541834392188544,1242071.4968234343
3088,6,4,40,2,19.07832349335896,930718.0295199231
4099,3,2,16,3,16.93134484301747,1224357.9654709476
3182,5,3,8,3,16.29671605141759,985427.8518457472
1200,1,1,40,3,16.63669229579358,313948.92311261926
2863,2,2,0,1,18.721499654522464,832907.5010364326
1779,4,2,1,2,11.340825356160256,567835.5239315192
3977,1,3,47,3,4.805358339484892,1187346.9249815454
4104,1,1,28,2,12.718888549198281,1205096.3343524053
4119,3,2,32,2,15.114748379690841,1215440.7548609276
1502,5,4,9,3,15.020430473726483,484519.7085788206
3454,4,4,49,3,10.907531459170722,1033724.4056224879
4645,6,4,39,2,2.300715667337983,1444150.8529979861
2751,6,1,20,3,8.051145830172429,866281.5625094827
1804,2,2,27,2,18.49456556080379,500289.30331758864
3146,4,4,10,2,12.104529285391095,977217.4121438267
3731,6,1,33,3,11.228306921858556,1138804.0792344243
2895,2,4,7,1,6.108216773261677,895716.349680215
3773,5,3,21,3,8.000529478415,1176776.411564755
2570,2,2,7,1,18.011575693910217,749052.2729182694
1960,6,2,48,2,13.662797903009878,588678.6062909703
4810,3,1,14,2,15.960353508294324,1424894.939475117
3660,3,1,16,1,9.632563038285447,1095413.3108851437
2485,3,2,22,2,12.974697169667,738272.908490999
3690,6,4,23,1,5.719288566120943,1159471.134301637
4840,3,4,44,1,14.403755775386239,1421174.7326738413
2028,4,3,18,2,9.124425340363409,641072.7239789098
4289,5,4,4,1,9.408364781480167,1330518.9056555596
1502,2,1,31,3,13.337124166960752,428203.62749911775
3814,2,1,43,3,18.789331807909605,1098866.0045762712
1397,6,4,0,2,2.2161205855637975,503511.6382433086
1870,3,1,22,2,16.670121509593145,540889.6354712206
3842,3,2,36,1,6.5552790978316695,1140515.162706505
1392,1,2,7,1,9.434469635621179,402310.59109313646
1206,5,4,12,1,1.41635324672517,426547.9402598245
2038,4,2,7,1,6.7198754788519475,642875.3735634441
2881,2,2,22,3,10.549993609972478,868298.0191700825
4625,1,3,42,3,2.0673454696013414,1385445.9635911959
3939,1,3,0,2,10.330818858280137,1200455.5434251595
2484,6,2,44,1,18.61510194831012,727376.6941550697
4762,2,4,50,1,3.0024711440482994,1413511.5865678552
4646,6,3,23,2,15.524373833434582,1421112.8784996963
1863,4,1,34,1,8.783750014143859,548186.7499575685
3790,1,1,23,1,13.448300575962422,1091306.0982721127
4312,1,1,16,1,5.944495361719357,1273375.513914842
1563,5,4,4,1,4.030352988285808,528748.9410351426
2020,4,2,19,1,4.048789671153302,633201.6309865401
1095,1,1,20,2,2.339346967219748,326347.95909834077
2923,4,4,39,1,4.5272873931236175,899073.1378206292
2757,2,3,30,2,13.620168314790398,814238.4950556288
3532,3,2,45,1,17.752121625026653,1001596.63512492
4478,1,3,35,3,16.468388026232077,1302936.8359213038
3278,5,4,10,3,14.017551887615198,1027677.3443371544
3796,2,1,14,3,3.0982054048109506,1155369.3837855672
2678,4,1,18,3,6.494561479623047,826184.3155611309
4242,6,4,6,2,6.886330631126911,1339395.0081066194
1540,2,1,50,2,5.749181981554804,439418.4540553356
2059,1,2,27,1,10.78510753448474,588714.6773965458
3572,4,4,50,3,11.17552248271378,1067302.4325518587
2183,3,3,42,2,7.780833528251094,656866.4994152468
4910,2,4,4,1,7.721994015992284,1502455.017952023
2722,1,2,4,1,16.742556360215545,784426.3309193534
4314,5,2,29,2,15.996564118074026,1284145.307645778
4157,6,4,31,3,6.848120801934167,1301727.6375941974
2819,4,4,7,1,18.361980433591928,852144.0586992243
3625,2,1,9,3,19.103485323047614,1075749.5440308573
3729,2,2,37,3,7.208108298570775,1120231.6751042877
3604,3,4,46,3,7.734074027068043,1092706.7779187958
2597,3,4,31,1,10.607048915017218,774004.8532549484
4060,5,2,47,3,18.881295438139798,1196130.1136855807
3693,6,4,27,1,17.65006922970392,1107934.7923108882
1795,5,1,16,3,2.948791289088206,596905.6261327354
2051,1,2,30,1,8.461884122156908,582517.3476335292
2643,1,1,7,3,11.514052605245665,799519.842184263
4627,5,1,39,2,10.55951697847926,1394381.4490645623
2363,6,1,24,3,4.683398290800961,759311.8051275971
4869,5,1,8,3,17.317518652194938,1483913.4440434151
2981,6,2,1,1,13.86187487693991,927468.3753691802
2354,6,1,14,1,16.92025912218427,718685.2226334471
2663,4,1,49,3,17.31652130763997,761028.4360770801
2529,6,4,2,2,15.218761219649055,809896.7163410528
3038,3,2,48,2,9.345001423744629,899115.9957287661
4419,6,2,35,1,12.600388345293066,1324940.8349641208
2496,6,3,3,2,4.04694271627512,830943.1718511747
4302,6,2,13,3,13.799262932023247,1334591.2112039302
3237,1,2,40,1,4.405811859046334,938457.564422861
4296,3,3,40,3,14.18504221969298,1271998.873340921
2408,3,2,24,1,5.362365054325404,738277.9048370238
2400,5,2,49,1,3.2334747028541795,721285.5758914375
2306,4,2,9,1,4.140405312716191,737002.7840618514
3680,6,2,20,1,1.0378505691623352,1164356.448292513
3675,2,3,35,2,14.656052739217074,1070499.8417823487
1972,4,2,11,3,14.915619932109204,607346.1402036723
2768,4,2,26,3,10.78373364835193,840151.7990549442
2282,3,3,39,3,4.06589322005229,694478.3203398432
4430,4,4,1,1,2.587532412703105,1381231.4027618908
1709,6,1,12,2,1.3634503623084533,571353.6489130746
2479,6,4,31,3,4.149215362339193,808718.3539129824
2434,1,3,30,2,17.926255164679787,691944.2345059606
1648,6,1,15,1,5.589199992331953,531226.4000230042
1317,6,3,31,3,7.731155217127098,437437.5343486187
4748,3,3,31,2,3.0015642051453306,1442766.307384564
4296,6,2,33,1,5.224864790215236,1322672.4056293543
4890,1,1,10,2,10.865266844823898,1463432.1994655284
2257,2,2,9,3,12.547300978817399,677602.0970635478
1683,3,1,14,3,5.66169396915801,536904.918092526
1663,2,3,16,1,2.096911025277227,523692.26692416833
2998,3,3,39,1,8.429624513420574,894737.1264597382
4898,5,4,17,1,5.449864047600348,1512004.407857199
4445,4,1,8,2,5.171524541366237,1368254.4263759013
4743,5,2,24,2,19.23739325155565,1414317.820245333
2631,6,4,39,2,12.709709232588757,804998.8723022337
2495,2,4,13,1,11.580690420269821,747601.9287391906
4304,6,4,24,3,8.899726966943117,1348720.8190991706
4763,4,2,49,3,9.14994233517274,1422781.1729944819
2136,3,4,21,2,11.277195072923536,661864.4147812293
2853,4,2,29,2,14.232166333686038,853600.5009989418
2520,1,4,19,3,14.34077582745476,755860.6725176357
3489,4,2,20,3,4.2621842464035415,1088204.4472607893
1563,1,3,43,2,10.502142289455913,443935.5731316323
2291,4,3,31,2,8.827203805647937,700982.3885830562
4581,1,3,50,3,17.5400123591183,1321129.962922645
4878,2,3,45,1,12.996959503149151,1414444.1214905526
4457,6,3,48,2,11.117577261903655,1348210.268214289
4458,6,4,20,3,3.19249820139943,1409799.5053958017
4184,5,4,34,3,12.507119897144818,1284919.6403085655
2636,6,4,31,3,3.226874207924435,856301.3773762267
4696,3,2,29,3,7.40692493574929,1411877.2251927522
3999,4,2,38,1,3.7139973314723056,1199481.0080055832
4152,5,2,48,3,14.14939929346301,1242482.802119611
1698,3,2,11,2,4.9187901628869,548826.6295113394
3160,3,3,40,1,8.445328090572493,932242.0157282825
1001,1,3,46,3,18.017820774756796,244121.5376757296
1641,6,3,17,1,4.882011284580436,545907.9661462586
3267,2,1,20,2,10.648296215216803,977341.1113543496
2589,2,4,12,3,8.966161562154419,802706.5153135367
1854,5,2,20,2,1.344356779868865,611519.9296603934
2759,2,2,7,3,16.062404157883442,832394.7875263497
4296,4,3,45,3,2.3118722199773947,1324905.383340068
3432,2,2,39,3,10.010845398562118,1024297.4638043137
4474,5,2,45,3,11.65288760384005,1345904.33718848
2661,2,4,6,3,12.940102675677155,826812.6919729685
2153,4,3,22,1,14.084000956849636,635588.9971294511
2076,1,4,43,3,5.812175286931587,608270.4741392052
2707,5,1,31,3,1.189596756510538,851368.2097304683
3777,1,1,10,1,14.745429584743327,1105543.71124577
2695,1,1,21,1,11.177475387603993,784594.5738371881
2733,1,3,21,1,16.886236360937726,776937.2909171868
2439,3,2,42,1,16.606378895113192,694106.8633146604
3294,6,3,24,1,17.02319718796978,999673.4084360907
1835,3,3,21,1,10.216798539611263,554464.6043811662
4510,6,2,27,3,7.338939520900447,1389449.1814372987
1202,1,4,28,3,16.039605849236032,346831.1824522919
4255,5,1,12,2,9.574588147555843,1297151.2355573324
1122,6,4,17,3,4.485401731665256,400405.79480500426
1400,4,1,1,3,17.244506371668013,437846.48088499595
1766,4,3,28,1,17.7686376586746,511630.0870239762
1293,2,1,20,1,9.859885366663232,369153.3439000103
3327,6,3,14,3,2.4382948188859617,1067678.1155433422
4908,5,4,26,2,8.368695708421694,1505399.912874735
3931,3,3,49,1,16.267215529789464,1136324.3534106317
4681,1,4,30,3,18.133706542378345,1365550.880372865
1197,2,2,14,3,4.865982107454321,375101.053677637
4029,4,2,50,2,2.272498628480159,1226178.5041145596
2930,3,2,22,2,17.669658609523935,858783.0241714282
4582,3,3,23,1,8.39869384059863,1373040.9184782042
3799,1,2,43,2,11.293458321083701,1099174.6250367488
3191,6,1,12,3,19.393250428964418,982109.2487131067
1608,4,4,21,3,2.2647298303702343,537895.8105088894
4272,5,4,42,2,13.318042141589816,1281244.8735752306
2147,3,1,36,2,2.4080030289224745,656217.9909132326
1186,1,3,32,2,8.133909640863507,344343.2710774095
4397,5,3,2,2,16.27247635867549,1350044.5709239736
3511,6,4,18,1,9.235972422357055,1099904.082732929
4420,4,2,22,2,19.94646472415606,1307542.6058275318
2794,6,3,28,1,11.622126413985441,857315.6207580437
1659,3,3,29,3,7.102080900083116,526346.7572997506
3811,5,1,38,2,5.1821151921903095,1158460.6544234292
4002,5,1,43,1,7.659890151437074,1204750.3295456888
2955,5,2,46,2,8.078132201431465,886898.6033957056
3450,3,3,24,3,2.3055598767552583,1080387.3203697342
2369,3,3,36,3,8.02190978910869,718903.270632674
2986,6,1,46,3,9.820531875045273,913116.4043748642
2534,2,3,7,2,14.732017292537288,757011.9481223881
1146,6,4,41,2,13.47786020971055,363889.41937086836
4219,4,1,15,1,14.46654744935393,1269065.3576519382
3911,1,2,7,3,1.1589099556602849,1200441.2701330192
2734,5,1,0,2,5.135680592030185,866064.9582239095
2843,2,3,43,3,13.572001479597274,831190.9955612082
1488,1,2,4,3,10.195797995415196,463969.6060137544
3976,2,1,2,1,1.100956037698573,1213044.1318869044
2959,6,4,0,1,16.285398206204626,920007.8053813861
2663,3,4,3,1,15.68338189251641,811263.8543224508
3598,5,1,39,1,11.41996409687769,1073467.1077093668
3385,6,4,34,3,2.26280318974917,1084287.5904307524
3919,1,4,31,1,15.563785941119109,1126954.6421766428
1640,1,4,41,1,12.090558166895915,457421.32549931225
2802,1,2,33,1,15.857239566001224,794918.2813019963
3520,1,4,42,1,15.283192855520968,1011690.4214334371
2969,1,4,24,3,16.257039367198907,868647.8818984033
3198,2,4,9,1,10.842153261687871,964308.5402149364
2438,6,2,20,3,3.666165845676785,795751.5024629696
4369,5,1,45,2,13.751991994214086,1289034.0240173577
2634,3,3,38,3,12.789001915987441,782896.9942520377
1262,3,4,26,3,15.102810556782657,388867.568329652
2787,6,1,26,1,4.2277391149639705,878264.7826551081
3191,6,4,1,2,4.704528798105495,1028576.4136056835
3393,3,2,40,2,17.917780827167242,982814.6575184983
1623,3,1,47,2,15.249578170589345,446720.26548823196
2016,2,2,12,2,18.256341285306135,587059.9761440816
4643,4,4,8,3,15.415591102114494,1425760.2266936565
1880,5,4,35,2,12.345950813815735,570522.1475585528
3049,1,2,21,3,13.428522003529599,893281.4339894112
3944,4,3,41,3,17.89343055486019,1172803.7083354194
2327,6,2,25,3,11.99732833572687,722319.0149928194
3301,3,4,11,2,13.01543516223936,1005374.6945132819
4723,4,2,16,1,3.973057604068411,1438519.8271877947
1452,5,3,13,1,10.004503182205951,472613.49045338214
4108,6,2,13,2,14.61154512720388,1260258.3646183885
2183,1,3,33,1,6.147911268010943,635377.2661959672
4062,1,3,19,1,4.842829429966164,1225738.5117101015
3056,5,2,10,3,6.962709356263895,970221.8719312083
4304,5,2,15,3,5.588511931863835,1346178.4642044085
4170,3,1,50,2,5.083340103691521,1231135.9796889254
2682,1,4,30,2,9.072166014493652,800686.5019565191
3863,6,3,5,1,18.248931763787148,1184395.2047086386
3255,4,1,18,3,10.634133288035647,1004320.6001358931
2154,6,2,36,2,4.570487235491138,686745.5382935266
1403,2,4,3,2,2.4624617182366073,465459.6148452902
3199,2,1,46,2,14.226966757620579,915965.0997271383
3101,5,3,3,2,8.273176524291369,979410.4704271259
4191,3,1,19,2,16.614787985121826,1234857.6360446345
2696,2,3,9,2,13.530704604174634,816224.8861874761
4991,1,2,23,1,16.128587560286,1444421.237319142
1627,6,4,34,3,6.166974748950526,531035.0757531484
1586,6,4,25,3,14.154819526760104,513953.5414197197
2648,5,4,36,2,6.017177709180657,825098.466872458
2443,4,2,37,3,18.84230110955554,719495.0966713334
2445,5,3,20,3,13.091111349134113,760580.6659525976
1103,4,2,39,3,7.1657242033315,345696.8273900055
4923,5,4,38,2,6.1207253835531805,1510377.8238493404
1253,5,2,20,2,4.627605116361226,412416.1846509163
4298,5,2,9,3,14.198178218980829,1316842.4653430574
4183,4,2,37,3,5.1555966469606185,1282281.2100591182
3557,4,3,45,2,12.310762052622293,1049882.713842133
2496,5,1,3,1,6.028065511581789,795592.8034652546
1098,2,1,44,3,13.577409951083503,291504.7701467495
3200,3,2,19,1,16.483854842270247,930849.4354731892
2884,3,1,16,3,15.78247961974841,858222.5611407547
3961,3,1,6,1,15.456175287684852,1187470.4741369453
2919,4,2,3,1,4.56672570815279,913410.8228755416
1877,4,2,28,1,2.6793139927058554,581427.0580218824
1337,2,4,13,2,14.280027741260326,406708.91677621903
4777,3,1,2,1,7.998597062092675,1440796.208813722
3869,3,3,23,1,9.214578301663598,1154534.2650950092
4234,5,2,36,1,1.5918327630744302,1293820.5017107767
4791,4,4,15,3,5.931952536225935,1486952.1423913222
1956,3,3,3,1,1.6398516736148165,632502.4449791556
2704,6,1,23,3,17.704529679423704,830911.4109617289
1160,2,4,33,1,5.624536981152079,346199.38905654376
2603,6,2,29,1,11.589406221887153,787777.7813343386
3848,6,3,17,2,1.7406070925614778,1218387.1787223155
1397,2,2,18,3,13.670100434807503,410622.6986955775
2300,6,1,30,1,7.137519569327783,708798.4412920167
1815,3,3,18,3,18.06046455219565,541245.606343413
4987,4,1,48,3,17.874245589746682,1465404.2632307599
2527,2,1,45,2,7.180521748873208,741587.4347533804
2919,5,4,18,2,18.11825701811889,888661.2289456433
2415,6,2,21,2,19.9269957964768,731896.0126105696
2158,2,3,23,2,16.682897618355014,626197.307144935
2218,1,1,44,2,17.05255560734935,599175.333177952
1400,1,1,11,2,5.731165986072709,418282.5020417819
1639,4,3,29,2,11.95734557829737,501680.9632651079
4104,3,1,37,2,2.277862365379989,1236294.41290386
3735,4,4,30,1,2.8034407996117245,1142169.677601165
1459,4,4,35,3,19.97895962863252,422852.1211141024
1954,4,4,18,2,7.206145739092308,620378.5627827231
4954,4,4,47,2,15.21549432892808,1476798.5170132157
1469,5,1,44,3,16.326636007509514,425066.0919774715
4446,5,3,35,1,17.302442149137356,1329770.6735525879
2045,2,3,29,3,19.954937650640975,574539.1870480771
3797,1,3,48,3,5.588433219880489,1130987.7003403585
2693,4,3,32,2,1.7666657103342944,848388.0028689972
3085,2,2,17,3,8.812638841897133,936036.0834743086
3277,1,3,48,3,3.471532726749992,964869.40181975
4436,6,2,27,2,1.4260918940790472,1377246.7243177628
1562,3,2,46,2,7.848109715688236,456435.6708529353
3485,5,4,10,2,15.891026770429493,1076883.9196887114
2799,6,2,44,2,11.757433133276347,842033.700600171
4354,1,1,32,3,6.942781794996727,1286327.65461501
3074,6,2,16,3,13.432498104361674,966457.505686915
1225,3,4,5,1,5.408345425867403,412964.9637223978
4348,1,2,3,1,1.2732474753696155,1331661.2575738912
1797,6,1,19,3,15.52271434229212,552952.8569731236
4680,5,1,47,1,12.851118612416172,1376986.6441627515
3331,5,1,46,3,15.48374986551824,992136.7504034453
3926,2,4,26,1,1.7398223170656466,1200546.533048803
1959,6,4,14,2,16.90527292878239,624866.1812136528
2504,4,3,5,1,12.770997800689763,765562.0065979307
1452,6,4,46,2,11.704511663540163,449568.4650093795
4067,1,1,13,2,12.8676669141761,1202505.9992574716
4900,1,1,10,2,17.424231690498917,1435475.3049285032
1815,6,4,38,2,12.151793624619234,562147.6191261424
1658,3,2,8,1,12.038057217875407,509142.8283463738
4587,5,4,25,3,19.82290398424955,1395258.2880472513
1546,1,4,15,2,15.377873174302792,457231.38047709165
2215,5,1,4,1,9.40358230357157,704769.2530892853
4120,1,3,9,2,14.440543000625627,1226026.3709981232
4583,2,1,49,1,8.395378962143981,1333495.8631135682
1016,4,3,2,1,5.348633787186481,345636.09863844054
4243,1,1,12,1,12.340185660867428,1242677.4430173978
2243,5,4,42,3,18.635459864165078,668620.6204075047
3205,2,1,48,1,18.653650880293792,888954.0473591186
3524,1,1,29,1,7.496200284004316,1031177.399147987
2069,3,1,44,3,11.025871858212204,602468.3844253634
4444,4,4,5,3,5.021082072827363,1399856.753781518
3565,1,4,16,1,19.916991080478784,1030894.0267585637
3146,2,4,44,3,19.641240249490778,899400.2792515276
4963,3,4,50,2,13.3406696644415,1461436.9910066754
2768,6,3,18,2,16.283867133871993,852168.398598384
2060,2,3,41,3,14.5869030643903,601397.2908068291
3327,2,2,34,3,12.270006161749896,974413.9815147503
4420,3,4,45,1,2.013611942789056,1331630.1641716328
3544,2,3,25,3,9.64052250850056,1069984.4324744982
1301,3,1,50,1,13.8209397411808,349574.1807764576
1180,1,4,4,2,13.873100663790009,356450.69800862996
1606,3,2,28,3,8.08932975002529,491666.0107499241
4170,3,2,36,1,18.89214774650258,1197247.5567604923
1699,4,2,19,1,4.179783612498839,544714.6491625034
1992,3,1,48,2,10.506829478095652,564585.5115657131
2139,3,3,20,3,14.126795554465634,651969.6133366032
1190,6,1,9,2,14.245580311944375,378658.25906416686
3300,1,4,4,1,13.324140178607495,989337.5794641775
1980,4,2,35,1,6.230476055585343,596534.571833244
3975,6,1,5,3,3.9679248050458176,1266377.2255848625
3006,5,1,25,1,13.082866209707506,896066.4013708775
2184,1,3,3,3,12.386740206649318,673093.779380052
4327,1,3,38,2,4.407764195495579,1281241.7074135132
4394,5,2,38,3,14.397643765840703,1327979.068702478
1127,3,1,49,3,9.648267842939472,320565.1964711816
3065,6,1,34,1,13.687451240459906,926959.6462786202
2816,2,3,0,1,16.90997451563286,836165.0764531014
2758,4,1,23,3,4.22484014296154,861086.4795711153
3613,2,1,35,1,1.363752491939897,1076339.7425241803
1569,5,1,5,1,15.80294914151995,475561.1525754401
2346,1,3,40,1,12.584251077899703,658953.2467663009
2895,1,2,45,3,14.293151822820313,831560.5445315391
3733,4,4,43,1,16.92494452478421,1095404.1664256474
4863,1,2,30,3,16.25340776166551,1419591.7767150034
1625,1,4,19,1,19.257482791647668,458678.551625057
4359,4,1,23,2,11.182766498190245,1308628.7005054292
3901,6,2,24,1,10.281417020538202,1200855.7489383854
2686,6,4,35,1,8.635856797923871,829362.4296062284
4009,4,3,20,3,3.9201298140398864,1242001.6105578803
4710,5,3,29,3,11.879537424758427,1436391.3877257248
1154,1,2,23,1,6.263237962193597,342290.2861134192
3537,1,2,43,2,18.504842732046534,990398.4718038604
2409,5,1,41,1,12.080625281264854,710129.1241562054
1784,6,2,29,1,12.263963429654092,551716.1097110377
4175,3,1,21,2,7.74356855666319,1251582.2943300104
4464,3,1,27,3,1.9877976875764423,1364942.6069372706
4882,3,3,6,1,1.6031315420867838,1514405.6053737397
1245,6,3,34,3,9.043367738910753,411206.89678326773
4247,6,4,27,3,2.606742183847519,1339110.7734484575
4110,5,3,13,2,12.530092155262643,1272792.723534212
2500,1,3,9,2,17.738487107153492,738608.5386785396
2705,5,2,15,3,17.77538151385572,821229.8554584328
3806,5,3,15,1,13.521862792512415,1149539.4116224628
1537,6,4,30,3,5.0134047979856895,524406.785606043
2890,3,2,41,1,17.396939795818568,813498.1806125443
2841,2,4,24,1,17.835775270950954,816709.6741871472
1920,1,3,12,2,4.736418114106216,583726.7456576814
3455,6,4,5,1,15.011095629642869,1068328.7131110714
1524,3,2,43,1,6.443871429615336,447374.38571115397
3875,2,1,8,3,16.250165934705663,1159067.502195883
2529,2,4,44,2,19.94752009816845,716157.4397054947
3950,6,4,35,1,1.5704941012584634,1228937.5176962246
4896,4,2,42,1,18.049951450027706,1440295.145649917
1035,1,2,19,2,12.829980138374504,297213.05958487646
1684,2,4,17,3,19.4942697641316,499391.1907076052
1019,6,3,42,2,9.835180833002125,332920.4575009936
3368,6,4,20,2,17.100370680856102,1030658.8879574317
4847,3,2,3,1,2.1854873033672675,1497994.5380898982
3559,4,1,49,1,7.370301951487619,1058199.0941455371
1399,1,1,32,3,2.2733142172729894,410959.057348181
3701,5,3,26,1,19.53151953610234,1102688.441391693
1971,3,4,6,1,16.5225042381649,599059.4872855053
2906,2,1,5,2,17.19840100367344,858959.7969889797
3518,2,4,14,1,18.82133939724399,1030170.981808268
2166,3,2,17,3,2.6169662362759216,696146.1012911722
2115,6,1,31,2,8.326354257753334,651551.93722674
4425,2,3,10,3,2.3496628918360405,1367965.0113244918
1833,4,2,19,2,5.005068929450544,580979.7932116484
2823,1,3,23,1,5.357949763715775,845113.1507088527
3774,4,2,14,2,9.913037009903995,1150371.888970288
2982,2,1,47,2,6.102681181619209,871986.9564551424
1853,5,3,6,1,2.9185840295374605,623181.2479113876
1050,1,3,20,1,4.182330692788046,308793.0079216359
4736,1,2,41,3,3.7982357074897277,1410281.292877531
4769,3,3,25,3,19.48845916033367,1422130.622518999
1574,3,2,43,1,15.426557631450999,433355.327105647
4261,5,2,13,1,19.387467840121676,1266278.596479635
2148,6,2,36,1,9.355069243650263,667615.7922690492
3197,1,2,20,2,6.289001151590475,955513.9965452285
3361,5,1,17,2,16.167570746974548,1005835.2877590763
3617,3,2,4,2,7.198824442781789,1109773.5266716545
4413,3,4,2,1,6.688284100401617,1359881.1476987952
3352,1,3,22,3,5.417613851948793,1011030.1584441536
2715,4,4,25,1,3.463900586260472,853986.2982412186
1681,2,1,36,2,5.872798159318553,488797.60552204435
1837,3,4,23,2,7.751075221003866,562630.7743369885
4854,6,3,48,1,13.805889954768878,1459676.3301356933
2077,6,4,18,1,2.18873200216958,680319.8039934912
4050,3,1,50,2,4.999631853641516,1200191.1044390753
3491,4,2,24,2,16.37144916554185,1035613.6525033745
3660,4,4,20,2,3.7915165480916446,1139306.4503557251
4040,5,1,11,1,7.510257783927909,1238362.2266482164
3311,6,1,40,2,17.42851951530466,984675.441454086
4124,5,3,32,2,3.9435809117254106,1279261.2572648237
2595,6,3,49,3,2.571999876745608,820427.0003697631
4051,2,4,3,1,10.206221906520206,1229624.3342804394
4691,2,2,41,3,6.745970714292191,1400534.0878571235
1004,1,1,6,3,11.704758925193229,302077.72322442033
2126,5,4,21,2,16.27229291918603,655109.1212424419
2219,3,1,32,1,3.6058212749021203,662751.5361752936
1773,5,1,16,2,12.033282606531415,548469.1521804058
1876,3,2,23,1,10.604666447407414,557524.0006577778
1991,4,2,33,3,3.7374969342507915,627152.5091972477
3931,5,4,27,1,12.855971225050666,1191903.086324848
4421,4,2,42,2,6.199167939354661,1339398.496181936
1046,2,2,40,2,10.268852052336237,281955.4438429913
3914,2,4,38,2,2.563174161264176,1188361.4775162074
3870,1,2,21,1,9.732097087058838,1148125.7087388234
3983,5,3,48,3,6.822805892813586,1218410.5823215593
4891,4,1,16,3,16.625243012521732,1480005.2709624348
3703,3,1,33,1,2.0825958129499975,1109948.21256115
1268,2,1,5,2,8.95353822344827,394284.3853296552
1369,2,1,45,3,9.710197058497322,381299.408824508
1635,3,4,5,2,14.775115449683256,511095.65365095023
2129,4,1,33,1,11.91146392671401,613091.608219858
2693,4,1,0,2,13.67703440668944,823470.8967799317
2682,5,1,9,3,15.763936427383367,834883.1907178499
1656,5,1,20,3,17.381856499505588,512677.43050148326
1119,6,3,4,2,6.96363443772694,404390.09668681916
1830,6,1,1,1,11.222431401914156,593329.7057942576
2810,1,3,21,2,16.962053490344797,819863.8395289656
4675,2,4,47,1,19.79957148833607,1343312.2855349919
2081,5,2,1,2,17.9008669098315,650594.3992705055
2974,4,1,9,3,8.057877989863158,924697.3660304105
2369,3,2,33,1,4.708163827154358,713846.5085185369
1740,4,2,15,1,10.298458210725185,532980.6253678245
4545,2,4,47,1,15.091187584884803,1312113.4372453457
1116,6,2,50,3,10.358812344312653,347377.56296706205
2853,4,3,38,2,10.180436402959701,852444.6907911209
3838,1,2,21,3,16.92637800055421,1132265.8659983373
2150,2,2,11,1,7.8666718022765405,642579.9845931703
4464,6,2,23,2,17.336098821421267,1343032.7035357363
2931,3,1,46,3,8.729291218082746,862152.1263457518
2012,6,1,39,1,7.236429007888448,625834.7129763346
2664,1,3,37,1,9.62580831279428,766626.5750616172
2081,2,3,9,3,15.486492214822501,622598.5233555324
1633,3,1,34,3,3.3940385294158912,511727.88441175234
1512,1,3,50,3,4.73196510156833,444638.104695295
4822,6,1,48,1,19.077451687598746,1409381.6449372037
3849,1,4,31,3,4.33434092024579,1156071.9772392625
2119,2,2,6,1,11.786819040690037,623520.5428779299
4709,5,2,20,3,12.006974866576819,1431169.0754002696
2141,1,3,19,1,10.302864778954651,619120.405663136
1559,1,1,25,1,13.250159722959554,421923.52083112136
4672,6,1,3,2,5.36670779015475,1473417.8766295358
1487,6,3,45,3,11.500583087758216,475278.25073672534
4308,3,1,21,3,8.071291849691047,1314510.124450927
4956,6,4,14,1,13.571677932954591,1511966.9662011361
1896,4,2,39,1,3.68324732408984,569737.2580277305
4343,2,3,20,1,11.846670919950048,1285944.9872401499
2212,2,3,14,2,4.52013675228315,680198.5897431505
1703,5,1,21,2,6.294218199185692,536547.345402443
2470,5,3,27,1,5.1554862061480815,778598.5413815557
1580,2,4,13,3,4.473917817507525,502651.24654747744
3837,5,1,26,3,16.68850807965267,1157777.475761042
3908,3,1,40,2,6.428443785556916,1172885.6686433293
3294,6,1,39,2,18.61535185542454,967046.9444337264
4147,2,1,27,1,19.428603981558627,1191376.1880553241
1153,5,4,25,3,11.853948928804849,373678.15321358544
2679,2,1,48,1,3.7170213306488016,769704.9360080536
4506,4,3,1,2,8.116416624212043,1403634.750127364
1996,1,4,24,3,16.15691300361607,578295.2609891518
4157,6,2,2,3,7.980423845244339,1307738.728464267
3744,2,2,7,2,2.6533271477529863,1151497.018556741
4356,1,3,43,1,11.57891330763557,1254222.2600770933
2243,5,3,32,1,17.05729617842466,668900.111464726
2092,1,4,41,3,16.122601355726545,596132.1959328203
4118,6,2,34,2,4.327339662476712,1275857.98101257
2008,2,2,5,3,13.782527673836867,614730.4169784894
3141,4,2,38,2,5.1895810052772955,959167.2569841681
2773,5,2,22,1,5.145943156491272,864483.1705305262
1957,2,2,24,2,17.60736369279852,553049.9089216044
4059,6,1,49,1,5.743710102064373,1216095.8696938069
1452,5,3,42,2,6.001699583842212,458258.9012484734
2227,3,1,18,3,1.0124144244646915,704281.7567266059
3959,1,2,4,1,17.542711648384834,1167440.8650548456
3265,6,4,50,3,16.05930145097356,985035.0956470793
3521,3,4,10,3,12.919249766722881,1080030.2506998314
3479,2,2,11,1,15.255049514838003,1017115.851455486
3388,4,2,9,1,3.888922781065344,1055327.231656804
1550,5,4,7,3,9.708148297163934,531555.5551085082
2635,1,1,23,3,7.673168359626837,780644.4949211195
2312,5,1,27,3,2.781753998883313,746235.7380033501
4325,2,2,40,3,10.236479219083558,1271691.5623427494
2757,5,1,35,1,18.494053356510072,798907.8399304698
1356,1,4,36,1,1.7611232619631951,411577.6302141104
3070,2,1,20,3,6.537757356382084,923267.7279308537
2785,5,2,7,2,4.943277787908366,892728.1666362749
3569,4,4,8,2,5.52478641964823,1117747.6407410554
2781,6,1,46,1,18.26025648570813,797897.2305428756
4908,2,3,14,3,9.893312030451513,1495352.0639086454
4171,6,4,47,3,9.859688845856557,1274370.9334624303
3849,2,4,45,1,15.450937206650364,1113780.1883800488
4251,4,3,39,2,3.9353518760935904,1294949.9443717191
4294,6,3,17,2,10.258041727900965,1328461.874816297
4977,3,4,41,2,9.169719068300134,1487077.8427950996
3809,1,3,19,1,12.341303120386467,1127118.0906388406
4730,3,2,5,2,19.991596361758333,1418457.210914725
3489,5,2,11,1,15.619528987558894,1051089.4130373234
2631,4,2,1,1,8.559448357331117,829481.6549280067
3816,3,4,6,3,16.723507993206894,1157232.4760203792
2015,2,3,15,2,4.243458902937124,637706.6232911886
2348,5,3,2,1,1.5788100398702425,773295.5698803893
1515,5,1,44,2,4.884519076821189,457066.44276953646
4087,3,1,2,2,7.467819566170934,1256922.5413014872
3839,3,3,26,3,10.701034391731637,1157414.896824805
1335,4,3,49,2,12.687453670282796,381786.63898915163
2782,1,3,42,3,18.301508627074014,782313.474118778
3305,3,4,39,1,10.687226181458696,978294.321455624
1496,3,3,37,2,10.524237247888859,435803.28825633344
1895,6,1,32,1,1.9546171866366606,611891.14844009
3207,2,4,27,2,1.6633195004682524,991317.0414985953
4546,6,3,0,1,11.472039276411069,1403845.8821707668
1851,6,1,7,2,9.325393651718546,607228.8190448444
2687,5,4,36,2,16.944427504625672,811518.717486123
2931,1,3,31,2,4.052912109525058,875377.2636714248
3737,2,3,47,2,1.4744615802239425,1118489.6152593282
4746,4,3,42,2,9.531736590672391,1416272.790227983
3427,4,4,36,2,5.512092578292892,1047316.7222651213
2568,3,1,3,2,1.9426730934379115,809808.9807196863
1956,3,1,29,2,14.76736745010495,568672.8976496852
3738,4,2,5,2,3.120266999187702,1169230.1990024368
4498,3,3,45,1,12.558070500147663,1327623.788499557
2636,1,2,18,3,6.339945253170894,806762.1642404873
2291,6,2,31,2,4.296424956745419,734032.7251297637
4906,3,1,8,3,8.215278935467031,1489155.1631935989
4648,5,4,11,2,16.227469748236118,1428134.5907552917
2440,3,4,10,2,8.449777961186882,767527.6661164394
2191,2,1,45,1,15.264623335010059,599738.1299949698
4913,1,4,15,1,3.384239639183863,1481223.2810824483
2066,2,2,0,3,15.682656973636503,633614.0290790905
4627,2,3,44,1,5.501733173226325,1361109.800480321
1284,5,1,20,1,13.870469467888583,389066.59159633424
3444,1,3,29,3,11.74984954197893,1009141.4513740633
1011,1,4,12,1,18.65374962702206,274198.75111893384
2630,1,3,33,2,8.359127841530967,775370.6164754072
4373,1,4,3,3,2.2571385878543686,1352425.584236437
4969,1,4,27,3,1.363954225473805,1520263.1373235786
4324,5,2,37,2,16.71031265848231,1284403.062024553
3546,3,4,30,1,10.969977115567211,1054898.0686532983
1753,2,2,26,3,15.729636984864037,504698.0890454079
3082,1,2,4,3,5.454086400218779,941569.7407993437
3774,3,2,24,2,7.556591164751441,1132317.2265057457
3896,3,1,2,2,1.5719735720150598,1209306.0792839548
1089,2,1,32,1,19.268354166908132,269767.9374992756
1775,5,4,3,3,13.689490227315455,589437.5293180536
3652,4,2,24,1,18.73089666742682,1067083.3099977195
4993,4,1,19,1,6.0444317411523745,1506338.704776543
4017,3,2,33,2,12.617808613287556,1187161.5741601372
2625,6,3,25,3,13.891499397560118,814858.5018073197
4069,6,3,4,3,7.03344430489418,1292387.6670853174
1417,2,3,34,3,17.11407546529697,404446.77360410907
1114,4,4,27,2,18.996067795104707,327663.79661468585
1616,3,2,28,2,17.81224723622408,454075.25829132774
4974,5,3,8,2,15.042272542848078,1510139.1823714557
4267,4,1,37,2,6.271828914774127,1291139.5132556777
1825,3,3,49,2,6.350704800007003,542925.885599979
4572,3,3,5,3,19.30384608847472,1375221.461734576
2649,1,3,18,1,1.1954054227781485,811216.7837316656
2516,5,4,43,3,14.604949491600745,756601.1515251978
4146,1,1,10,1,14.418677088549982,1216820.96873435
1412,2,2,1,2,12.831101278046152,437630.69616586156
4447,1,1,46,1,19.81206807565045,1247393.7957730487
4491,1,2,43,3,6.925709279510779,1328246.8721614676
1728,4,4,43,3,7.459465412071715,538793.6037637849
4348,6,4,8,1,2.4998486559845556,1383168.4540320463
4068,3,4,20,2,9.413164594331011,1241100.506217007
3808,5,4,23,2,5.9599219984621135,1197243.2340046137
1675,1,2,33,3,7.52434734137524,497858.9579758743
4465,5,3,21,1,16.856864014856924,1345572.4079554293
2892,6,2,2,2,18.77420575702242,885475.3827289328
3504,6,1,11,2,4.528928368098526,1114568.2148957045
3967,1,4,27,3,8.077669699515852,1200040.9909014525
3239,2,4,29,2,18.643980680192488,942598.0579594226
3786,1,1,25,1,2.17436075309523,1131074.9177407143
4760,4,2,47,3,2.754850034116192,1454293.4498976513
2122,3,3,20,3,4.093028794918358,674789.9136152449
2571,2,3,27,1,12.30904384841062,740550.8684547681
1977,1,1,25,3,3.858973149113952,604151.0805526582
2008,5,3,32,2,19.393451247563938,600337.6462573082
3143,2,2,20,2,9.487576017911886,931235.2719462643
2687,2,2,34,1,10.528841246653162,776114.4762600405
3710,1,1,33,2,5.686513700302723,1086735.458899092
4261,2,2,40,1,9.948244796259937,1248951.2656112202
4807,5,4,50,1,13.576359020103219,1423958.9229396903
1036,6,1,46,2,15.272365602126813,297279.90319361957
4851,2,2,17,1,15.323493571488347,1423413.519285535
4440,6,1,10,2,11.979931141187679,1368170.206576437
4766,5,3,22,3,18.182835724883287,1432982.4928253503
2548,1,2,47,3,16.53074909881608,702936.7527035518
3326,3,4,21,1,15.383914179273884,980253.2574621784
3264,2,2,16,2,2.056504911928752,1005000.4852642138
3914,3,1,4,2,1.130681282173337,1218744.95615348
1872,5,1,43,3,5.036498266713986,583852.505199858
2821,2,2,10,3,13.606948284355592,842412.1551469333
2296,6,4,29,2,8.81275228876837,734548.7431336949
4952,4,4,14,1,8.645718926686923,1508736.8432199392
3109,3,4,26,3,17.807150876362662,931315.547370912
1595,2,1,34,1,18.015694114504935,420551.9176564852
2903,3,2,32,1,18.27433001701813,839951.0099489456
1728,2,3,19,3,6.963683453785519,528401.9496386434
2365,1,1,15,1,14.130060442045973,666499.818673862
1396,6,4,33,1,6.161030444213023,465089.90866736096
1698,3,2,1,2,4.6215868284145465,544774.2395147564
4090,4,4,34,1,4.508016689600015,1256122.9499312
3224,4,3,39,2,7.500044796408287,970131.8656107752
2635,5,4,27,3,9.169194775816612,822363.4156725502
1395,2,4,46,3,16.7880342500463,377650.8972498611
3492,3,3,38,2,3.2779307759815297,1066672.2076720553
4304,5,2,5,3,14.96359110050299,1321635.226698491
4986,3,1,8,1,11.0976433695968,1502112.0698912097
1075,2,2,19,1,6.470961510843857,317673.11546746845
1264,4,3,0,1,10.363572106123668,404026.283681629
3502,1,4,7,3,6.69889932576343,1083404.3020227097
2819,4,2,22,1,12.325557149527814,852274.3285514165
1717,5,1,2,3,9.24303453424964,558163.896397251
3782,6,3,3,1,4.123705052498696,1202175.8848425038
4455,1,2,24,2,3.215078416558238,1344713.7647503254
4635,5,1,46,3,11.387217959370473,1380915.3461218886
1850,2,3,37,3,18.145847632435967,522050.4571026921
4577,1,1,14,1,7.5351960445960255,1368098.411866212
2390,5,3,20,3,14.92700203722984,740382.9938883105
1143,2,4,34,3,13.514565743855572,323386.3027684333
1884,4,2,45,2,18.69954337188014,535982.3698843597
4140,6,1,13,2,16.598639328683674,1260989.082013949
4170,2,3,35,1,11.765499919203796,1220394.5002423886
1395,3,1,11,2,13.483579466448038,425346.26160065585
4096,2,1,16,1,18.06934286509666,1187949.97140471
3995,2,2,38,1,8.59085690715176,1181292.4292785446
3938,6,4,8,1,7.20909941129777,1249353.7017661068
2492,3,1,34,3,1.2054105890687303,760445.7682327938
4555,5,3,12,2,16.70447040963782,1390897.5887710867
4636,5,3,14,1,16.218633307663932,1401714.1000770081
4222,2,4,17,2,2.9846358439028764,1302543.0924682913
2167,3,3,50,1,11.960290241521305,618865.129275436
3616,3,4,32,2,9.815652265170861,1094827.0432044873
2062,6,3,5,2,3.2554728146731176,691870.5815559806
3156,4,2,26,1,19.63079631415375,919406.6110575388
4764,5,1,22,3,5.079221861803753,1474348.3344145888
2065,6,2,26,2,2.277449421720662,668888.651734838
2209,1,1,33,3,12.302100210536281,629562.6993683912
3982,5,1,45,3,15.03846686552762,1190555.5994034172
3445,6,1,37,1,1.6164254748965523,1069006.7235753103
4294,5,2,13,1,13.51563513581342,1310931.0945925598
1633,4,1,35,1,11.113545643077634,471948.3630707671
2156,1,2,7,2,2.9620351686259196,661835.8944941222
4234,4,4,34,1,4.277953661980879,1295005.1390140573
2238,1,3,18,1,11.79151164900553,651028.4650529834
1732,2,3,29,2,6.630794656752479,531274.6160297426
1234,6,1,13,2,18.827998844375006,376894.003466875
4914,1,2,19,1,16.556064360196963,1438771.8069194092
3705,4,3,48,1,19.687776923759596,1061404.6692287212
1750,5,2,24,1,5.933745940057865,543914.7621798264
3635,1,2,39,1,19.424749023161564,1027799.7529305153
4080,6,1,23,3,9.1934435260396,1265930.6694218812
4145,1,3,13,3,7.602857110961338,1264410.428667116
1953,3,1,25,1,1.9566410124177116,596211.0769627469
3539,5,1,37,3,2.00253989933245,1100687.3803020027
3960,6,3,22,2,14.14821386298644,1215853.3584110406
4324,6,3,21,3,9.70065089424653,1352860.0473172604
4301,2,4,47,3,5.303910894686008,1287768.2673159419
2542,4,4,18,1,12.66543582017942,765218.6925394618
2197,2,2,45,3,5.804304246752112,659401.0872597437
2676,6,3,50,3,11.975003332544029,824012.9900023679
2191,5,4,2,3,7.824966192671116,716288.1014219867
3217,1,2,41,3,16.64749230562456,917315.5230831263
2416,1,2,18,2,16.593227054568807,686178.3188362935
3993,5,2,8,1,10.069657564325626,1231125.027307023
3842,6,4,27,1,7.665563077365296,1185541.3107679042
3681,1,3,19,2,7.8886361346227964,1098051.0915961317
2217,1,1,44,3,16.308575987696138,610055.2720369116
2540,1,2,6,2,7.235410173154628,765896.7694805361
3076,4,4,13,3,4.972128100430075,971095.6156987097
4236,4,4,8,2,2.60907849563083,1337738.7645131075
2445,3,1,18,1,9.867169296803759,737538.4921095887
3386,2,1,46,1,10.160509879476995,974013.470361569
4719,5,4,13,1,16.977265497655235,1437564.2035070343
2519,5,3,37,3,5.2035352324752155,791864.3943025743
2388,5,1,35,3,8.238834199699598,740242.4974009012
2856,3,4,39,2,16.359709038980128,830866.8728830597
2365,4,1,16,2,16.648848604230494,694924.4541873086
1499,6,3,29,1,8.307610443596596,474342.1686692102
2680,6,2,8,3,9.723356442446937,859631.9306726592
1510,3,1,32,2,6.762431926136376,450019.7042215909
4398,6,3,24,3,18.71854268996693,1335681.371930099
1216,5,4,13,3,3.2542315490900258,426483.3053527299
2324,2,1,10,1,18.74123903702793,655367.2828889162
2155,1,1,34,1,13.993462584871521,595035.6122453854
2827,4,4,40,3,11.099870901047893,866524.3872968564
4141,4,2,13,3,1.6205221549054216,1303892.4335352837
4323,3,4,29,3,10.036327644618158,1321114.0170661455
4486,4,1,40,3,8.747213995051913,1350449.3580148444
2810,5,4,3,1,4.063157427527329,910808.527717418
3492,6,3,3,2,13.471782466512481,1091153.6526004625
3923,5,4,27,1,19.45186723999743,1168809.3982800078
2205,3,1,7,2,11.681587410225978,676316.237769322
3214,5,4,1,3,14.58031225243497,1023412.0632426951
1090,6,2,40,2,2.3005585987543187,361552.324203737
1713,2,4,45,1,8.9356729205229,483242.9812384313
2881,3,2,21,1,3.2108112181254214,887053.5663456237
4602,2,3,40,3,12.643120875193699,1358084.6373744188
1038,1,2,15,1,18.83116100606894,262563.5169817932
4197,2,4,28,3,13.573776916961132,1254864.6692491167
4522,1,1,48,1,2.459257917974009,1329116.226246078
1172,1,2,47,1,7.738657894716574,304864.02631585026
1652,2,3,29,3,11.46260420937618,489245.18737187143
1753,3,2,11,2,8.660947366531792,535900.1579004047
2243,6,2,34,1,16.839236199028274,664925.2914029151
4709,5,2,10,2,16.478749089489796,1429179.7527315307
2081,5,3,45,1,12.624789381961207,614568.6318541163
2683,6,4,49,1,8.0957009575214,825193.8971274358
3523,1,2,20,1,5.851391101501639,1039252.826695495
1455,1,2,20,1,3.011612046049457,434681.1638618516
1828,3,1,4,2,7.743055986244527,570907.8320412664
1894,4,3,47,2,8.850277826946671,569406.16651916
2384,2,2,19,1,13.840635576977398,686852.0932690678
2958,1,3,36,1,13.505036661653897,849592.8900150383
4072,5,2,2,2,2.332054653183882,1287900.8360404484
3434,3,4,43,3,8.509926993191998,1027660.2190204241
2996,2,4,32,3,4.453798477129876,913034.6045686103
3395,3,2,8,2,3.979441401019308,1060935.675796942
1189,2,4,8,1,16.718740845007673,340318.777464977
1504,2,2,3,1,1.796389117608893,489255.8326471733
2214,6,4,34,3,8.964474642140306,713012.576073579
2531,1,1,16,3,4.195869459563846,774357.3916213085
4440,3,1,33,2,17.707274097891005,1300546.177706327
4480,3,1,23,3,11.583769752225667,1351208.690743323
1823,6,3,31,2,5.396232091160113,592068.3037265197
1928,5,3,0,3,10.546118456161151,630196.6446315165
1933,5,1,7,3,14.8982408343592,616233.2774969224
2140,1,3,44,3,19.204242169469243,595191.2734915923
1133,1,4,22,1,5.18847408066296,347763.5777580111
3105,4,2,46,1,17.837453670457556,894613.6389886274
4627,6,2,39,1,18.751778169182316,1368795.6654924531
1684,5,2,11,3,18.41199034610926,519413.0289616722
3719,2,1,11,2,13.072872780376287,1115546.3816588712
3220,3,3,45,2,12.966592434259447,936299.2226972217
2852,1,4,46,2,8.661002030492632,826384.9939085221
1814,3,4,14,2,15.295559763771971,549443.320708684
2172,3,1,40,1,11.094586348667706,619949.2409539969
1079,4,4,18,1,13.871323353337594,341020.02993998723
3933,5,4,25,3,9.140700173127113,1215702.8994806188
4284,1,4,28,3,14.898432816819643,1273484.701549541
1202,3,4,21,2,16.664958834486434,351659.1234965407
3811,1,3,39,1,3.7822888754535064,1117458.1333736395
2252,2,4,20,2,16.825664595910332,660176.006212269
2699,4,2,50,3,11.265634104015838,805652.0976879525
2250,2,1,37,3,17.04865227271426,636686.0431818572
2682,1,3,19,2,9.194732420479278,805359.8027385621
2555,1,4,28,3,8.201769222277665,772677.692333167
4512,5,3,50,2,18.386153917827226,1320992.5382465182
4473,3,4,3,1,5.772216083419624,1384737.3517497412
3094,3,2,6,2,17.04003418043672,930878.8974586899
2256,2,1,27,1,10.196390877678677,649062.827366964
4376,4,4,27,1,10.767813408473934,1312945.559774578
2549,6,4,3,3,6.860897348300196,837776.3079550994
2166,3,4,21,3,11.887801811761298,664645.5945647161
4486,5,4,11,3,7.179012729248015,1399983.961812256
4584,2,1,44,2,1.746118870591394,1369405.643388226
2396,2,1,2,2,6.167973501542765,738933.0794953717
4637,6,2,21,3,1.121201824725223,1461226.3945258243
4957,5,1,43,2,19.588740954080276,1449258.7771377591
4330,4,4,1,3,19.3491969865752,1323776.4090402743
3703,5,2,23,2,8.507950651973797,1134616.1480440786
1470,4,2,33,1,14.839046232453274,428378.8613026402
4018,5,2,26,1,7.570315869798074,1214904.0523906057
2035,5,4,40,3,13.750769984633544,620546.6900460994
2353,1,3,0,2,16.303170817873603,699513.4875463792
3783,2,4,7,2,18.988368649152573,1127298.8940525423
3831,5,1,22,1,8.604033241143767,1157640.9002765687
1967,6,1,37,1,15.882661676164906,570158.0149715053
1357,5,4,5,3,6.052640562010257,478240.07831396925
4019,3,4,21,1,19.81631377207932,1174818.058683762
4479,2,2,24,3,1.4896223765226717,1369631.132870432
1667,3,4,17,1,12.467047323521298,504043.8580294361
1372,2,2,16,1,13.530613651375216,384136.1590458744
2031,3,1,11,2,14.072865584408447,616975.4032467747
2145,5,2,5,1,3.287363996992691,694504.9080090219
2371,5,4,25,1,18.83206588598948,716552.8023420316
3723,1,1,26,3,4.442482301951573,1112155.5530941454
1089,6,3,7,1,12.83231466155698,359100.0560153291
4719,3,2,18,3,5.230845503338614,1442008.4634899842
3745,4,1,41,1,6.837111923404147,1116101.6642297877
4387,1,2,0,1,11.382712292834363,1304518.863121497
4249,3,1,28,3,8.926674952726954,1278190.975141819
1539,3,1,44,2,4.04428641855362,460915.14074433915
3779,1,2,48,3,4.247791645996117,1118659.6250620116
1868,5,3,34,3,8.944750975093193,591894.7470747204
1040,3,1,39,3,15.388376587234514,278575.87023829645
1739,5,1,13,2,18.061328290107983,534920.0151296761
4775,1,1,34,1,2.598425582928274,1409960.7232512152
2946,5,3,47,3,8.468974243628619,890621.0772691141
3549,2,3,44,3,2.904665710734656,1077664.002867796
4006,4,4,19,2,1.3152571320193598,1249138.2286039419
4216,3,2,48,3,13.572654970235176,1243346.0350892944
2224,6,3,12,1,12.446539397365168,704250.3818079045
1928,4,2,37,2,4.0973631624828375,586025.9105125514
3036,5,4,48,1,5.442443828768218,925917.6685136954
4795,3,2,45,1,1.4504473192458494,1427646.6580422625
3508,5,3,48,2,16.86399690819367,1027617.0092754189
3779,2,2,7,3,19.519121324922477,1117103.6360252325
3799,1,3,42,1,3.573731199099125,1118995.8064027026
1924,3,2,19,1,5.398029061540664,583784.912815378
3956,2,3,32,1,17.499780954991746,1145350.6571350247
2581,2,3,25,1,18.602812161167513,728609.5635164975
4618,3,2,38,2,8.972920273329397,1372872.239180012
4324,5,4,20,2,1.9618269731124083,1347459.5190806629
1389,6,1,48,1,1.7484448401635686,440383.6654795093
2617,2,4,41,3,11.905047455311198,777301.8576340664
3930,4,2,42,1,8.465007068970401,1164169.9787930888
1255,2,4,40,3,1.5443961239754358,402442.8116280737
1708,6,3,8,1,12.081795453938579,547791.6136381843
2838,5,1,23,3,1.214748195191427,901998.7554144257
2944,5,2,36,1,15.960067204836186,859729.7983854915
3497,4,2,48,3,6.82222363136406,1046453.3291059078
1009,2,2,40,1,1.76490205717541,304753.2938284738
3871,5,1,16,1,12.178692198679913,1164284.9234039602
1797,6,3,23,3,8.55600387422804,598383.9883773159
4313,3,2,20,2,19.50220785378584,1267275.3764386424
